{"cameraMode":{"drawMode":0,"name":"Shaded","section":"Shading Mode"},"sceneLighting":true,"audioPlay":false,"sceneViewState":{"showFog":true,"showMaterialUpdate":false,"showSkybox":true,"showFlares":true,"showImageEffects":true,"showParticleSystems":true},"in2DMode":false,"pivot":{"x":0.7477035522460938,"y":-6.9838385581970219,"z":42.10147476196289},"rotation":{"x":0.18013373017311097,"y":0.05712686851620674,"z":-0.009406308643519879,"w":0.9819459319114685},"size":32.8955078125,"orthographic":false}